מושגים,אנגלית,משמעות,נושא
אבולוציה ביולוגיה,Bilogical evolution,"שינוים העוברים בתורשה, תאוריה שיכולה להסביר גם שינוי קצרי טווח וגם ארוכי טווח",אבולוציה - עדי שטרן
התאוריה של למארק,Lamark's hypothesis of evolution,"הורשה של תוכנות שימושיות,
הסיבה שיש שינוי עם הדורות, היא כי יש לאורגניזם נטייה לרצות לשאוף לשינוי, ועל ידי שינוי עצמי יש לו יכולת להשפיע על ההורשה של הדורות
(דוגמת הגירפה שמתחה את הצוואר)",אבולוציה - עדי שטרן
פלאונתולוגיה,,חקר המאובנים,אבולוציה - עדי שטרן
גיאולוגיה ,,"חקר מדעי כדור הארץ המוצק, חוקר את תהליכיו ותכונותיו, זמן היווצרותו, את מרכיביו השונים, את התהליכים הדינמיים המתרחשים בו ואת אוצרות הטבע הטמונים בו",אבולוציה - עדי שטרן
הברירה הטבעית,Natural Selection,התהליך שבו פרטים עם תכונות מועדפות מורשות הינם בעלי סיכוי גבוה יותר לשרוד ולהתרבות.,אבולוציה - עדי שטרן
תאוריה מדעית,,תאוריה שניתן להפריך,אבולוציה - עדי שטרן
מיקרו-אבולוציה ,,": שינויים קצרי טווח באבולוציה, למשל שינויים מדור לדור",אבולוציה - עדי שטרן
מקרו אבולוציה,,"שינויים ארוכי טווח באבולוציה, למשל שינויים לאורך מיליוני שנים ",אבולוציה - עדי שטרן
,genetics Population ,ענף מדעי העושה שימוש במתמטיקה כדי לתאר שינויים קצרי טווח באבולוציה,אבולוציה - עדי שטרן
גנוטיפ,,הרמה המולקולרית של הגנים שלנו,אבולוציה - עדי שטרן
פנוטיפ,,משהו שאנחנו יכולים להגדיר ולבצע עליו סלקציה,אבולוציה - עדי שטרן
אוכלוסיה,,כקבוצת פרטים מקומית שיכולה להתרבות ולהוליד צאצאים פוריים,אבולוציה - עדי שטרן
מוטציות,,נוצרות כאשר הפולימראז רץ על פני הגנום ומכניס שגיאה בחומר הגנטי,אבולוציה - עדי שטרן
רקומבינציה,,"שחלוף, מתרחש במינים שמתרבים מינית. רקומבינציה מתרחשת בחלוקה התאית ויוצרת שילובים חדשים של תכונות",אבולוציה - עדי שטרן
דופליקציה,,"תהליך שבו כרומוזום שלם יכול לעבור העתקה. יכול להתרחש גם בחלקים של הכרומוזום. דופליקציה מייצרת effect complex ,כלומר שינוי מאוד דרמטי",אבולוציה - עדי שטרן
לוקוס,,"מקום מסוים בגנום, יכול להיות אזור בגנום או נוקליאוטיד יחיד.",אבולוציה - עדי שטרן
מוטציות סינונימיות ,synonymous,"מוטציות המתבטאות בשינוי בקודון אך לא בחומצות האמיניות אליו מקודד, לרוב מוטציות ניטראליות",אבולוציה - עדי שטרן
מוטציה אדפטיבית ,,מוטציה שמקנה יתרון לאורגניזם היא מוטציה מאוד מאוד נדירה! כמובן שגם מדובר במוטציות המעניינות ביותר שמובילות לאבולוציה.,אבולוציה - עדי שטרן
קצב המוטציה  ,,קצב המוטציה  היא ההסתברות שהפולימראז יכניס שגיאה בנוקליאוטיד מסוים בכל מחזור רפליקציה. ,אבולוציה - עדי שטרן
משוואת Hardy-Weinberg,,משוואה הנותנת את ההבנה למה לצפות מבחינת שכיחויות אללים ופנוטיפים כאשר אין אבולוציה (שינוי באללים),אבולוציה - עדי שטרן
סחף גנטי,Genetic Drift ,"מתאר שינויים בשכיחות האללים שמתרחשים באופן אקראי ולא צפויי מדור לדור כתוצאה מגודל
מדגם (=גודל האוכלוסיה) קטן.",אבולוציה - עדי שטרן
תנועה של גנים/ הגירה,Gene Flow,זרימה של אללים בין אוכלוסיות,אבולוציה - עדי שטרן
אללים אדפטיביים ,, מקנים לאורגניזמים שנושא אותם יכולת שרידות והתרבות יותר טובים.,אבולוציה - עדי שטרן
סלקציה מטהרת,Directional selection,סלקציה שמתעדפת זנים שנמצאים בקצה של הספקטרום הפנוטיפי (בעל כיוון מסויים).,אבולוציה - עדי שטרן
סלקציה המפרה את האיזון ,Disruptive selection,סלקציה המתעדפת את שתי הקצוות,אבולוציה - עדי שטרן
סלקציה מייצבת,Stabilizing selection,"סלקציה המתעדפת את מה שבאמצע ולא את הקצוות, כלומר ערבוב גנים",אבולוציה - עדי שטרן
אפקט המייסדים,Effect Founder,"אפקט המייסדים מתייחס למצב בו פרטים בודדים מהאוכלוסייה עוברים למקום אחר ומייסדים שם אוכלוסייה חדשה שמורכבת תחילה רק מהם. השונות הגנטית יהיה תלוי במייסדים, ולאו דווקא הפרטים בעלי המטען הגנטי המשובח ביותר הם אלו שעברו.",אבולוציה - עדי שטרן
אפקט צוואר הבקבוק,Effect Bottleneck,"מצב בו חלה ירידה בגודל האוכלוסייה כתוצאה משינוי סביבתי כלשהו. דבר הגורם לשינוי גנטי, שלא בהכרח בשל יתרון הישרדותי כלשהו",אבולוציה - עדי שטרן
ניסוי Urey-Miller,,"ניסוי (1953) המדמה את תנאי כדור הארץ הקודם, בניסוי זה הצליחו לאשש את התאוריה כי ניתן לייצר חומצות אמינו באופן ספונטני, בתנאים של כדור הארץ הקדום ",אבולוציה - עדי שטרן
סטרומטוליטים,,"המאובנים העתיקים ביותר, מתוארכים לפני כ-35 מיליארד שנים. על גביהם רואים תבנית של תאי חיידקים – צ'יאנובקטריה.",אבולוציה - עדי שטרן
תארוך יחסי ,,"תארוך גיל מאובן  על פי שכבות סלע, ככל שהמאובן עמוק יותר כך הוא עתיק יותר מהשכבה הראשונה",אבולוציה - עדי שטרן
תארוך אבסולוטי,,"בדיקה של גיל מאובן מבוסס על radioactive isotope  המבוססים על איזוטופים רדיואקטיבים של יסודות שונים. בדיקה של כמות חומר, וחישוב על פי זמן הפירוק שלו",אבולוציה - עדי שטרן
ציאונבקטריה,,"חיידקים קדמונים שעשו פוטוסינטזה על מנת להפיק אנרגיה מהאור, והם אלו שאפשרו את הקיום של חמצן בעולם",אבולוציה - עדי שטרן
מיקוריזה,,פטריות שיודעות להפיק חלק מהנוטריינטים יותר טוב מהאדמה לצמח,אבולוציה - עדי שטרן
,arthropods ,ממחלקת עכבישים ווחרקים,אבולוציה - עדי שטרן
,tetrapods ,בעלי 4 גפיים - זוחלים ודו חיים,אבולוציה - עדי שטרן
ספצליזציה,,– תאים מסוימים מקבלים פונקציה אחת ותאים אחרים מקבלים פונקציה אחרת.,אבולוציה - עדי שטרן
,:Cambrian Explosion,"התקופה בה התפתחו יחסי טורף ונטרף, ונוצרו הטורפים המאסיביים הראשוניים",אבולוציה - עדי שטרן
נדידת יבשות,:Continental drift,"תאוריה האומרת כי פעם כל היבשות בעולם היו מחוברות ליבשה אחת אשר התפצלהֿ עם השינויים בעולם, האבולוציה תומכת בתאוריה זו.(והיא לחלופין בה)",אבולוציה - עדי שטרן
,Adaptive radiations,אבולוציה מהירה שמתרחשת מאב קדמון משותף תוך התפתחות של הרבה מאוד מינים,אבולוציה - עדי שטרן
ספציאציה אלופטרית,,מתרחש כאשר אוכלוסיות של אותו מין נפרדות גאוגרפית זו מזו (כתוצאה מאירוע גאולוגי למשל או מהגירה) במידה המונעת זרימת גנים בין האוכלוסיות. התוצאה של בידוד גנטי שכזה עם הזמן היא הצטברות של הבדלים גנטיים בין האוכלוסיות היכולה להוביל לחוסר יכולת לרבייה הדדית בין פרטים של האוכלוסיות וכך להיווצרות מינים נפרדים,אבולוציה - עדי שטרן
ספציאציה סימפטרית,,"ספציאציה במנגנון זה יכולה להתרחש כאשר קיים לחץ ברירתי להתפלגות, ויש מתאם בין תכונת בחירת בן זוג והתכונה שעליה פועל הלחץ. הרי שיכולה להתרחש ספציאציה לשני מינים – מין אשר מזדווג על צמח א' ומין אשר מזדווג על צמח ב'",אבולוציה - עדי שטרן
וירוס,,"חתיכת דנ""א או רנ""א שעטופה במעטפת חלבונית. פרזיט בהגדרתו, חייב להשתלט על תאים חיים אחרים כדי לחיות ולהתרבות, לא חי ללא גוף/תא מאכסן",וירוסים - עדי שטרן
בקטריופאג'ים,,וירוסים של חיידקים וארכיאה,וירוסים - עדי שטרן
ארכיאה,Archaea,"מיקרואורגניזמים פרוקריוטיים (חסרי גרעין ואברונים), חיידקים קדמונים.",וירוסים - עדי שטרן
אמבה,,סוג של אאוקריוטים,וירוסים - עדי שטרן
,mimivirus,"וירוס של אמבות, מאוד גדול ומורכב.",וירוסים - עדי שטרן
, sputnik ,"וירוס לוירוסים של אמבות, מתיישב על וירוסים שפועלים באמבות ( mamavirus)",וירוסים - עדי שטרן
,Rotavirus,הוא סוג של נגיף בעל RNA דו גדילי השייך למשפחת Reoviridae. נגיף זה הוא הגורם העיקרי לשלשולים חריפים בקרב פעוטות וילדים.לאחרונה פותח חיסון נגדו ובעקרון גורם לכחצי מליון מקרי מוות בשנה,וירוסים - עדי שטרן
,Parvo-virus ,"הוירוס הקטן ביותר המוכר, פוגע בכלבים",וירוסים - עדי שטרן
,Poxvirus ,הוירוס האחראי לאבעבועות שחורות,וירוסים - עדי שטרן
,Tobacco mosaic disease ,"הוירוס הראשון המחולל מחלה שהתגלה. התגלה במאה ה19,וירוס הפוגע בצמח הטבק.",וירוסים - עדי שטרן
קלסיפקציית בלטימור ,,"מיון סוגי וירוסים המתבסס על השוני ברכיבי הגנום, ועל ההבדלים בין המנגנונים המתווכים בין הגנום לייצור החלבונים",וירוסים - עדי שטרן
קפסיד,,קליפת החלבון של וירוס,וירוסים - עדי שטרן
קפסומרים,,תתי היחידות של החלבון המרכיב את קליפת הוירוס,וירוסים - עדי שטרן
,glycoproteins ,",חלבונים בעלי שיירות של
סוכרים",וירוסים - עדי שטרן
,host range,"טווח המאכסנים של הוירוס, טווח זה מגדיר אילו דברים חיים הוירוס יכול להדביק, בד""כ מאוד מצומצם, כי מבנה הוירוס מותאם לתאים מסוג מסוים לרוב.",וירוסים - עדי שטרן
השתלטות תאית ,cellular hijacking,"כאשר הוירוס חודר לתא והופך את התא הנדבק למכונה שמייצרת וירוסים, כל המשאבים מוסתים לייצור וירוסים נוספים.",וירוסים - עדי שטרן
,retroviruses,"קבוצה מספר 6 של הוירוסים. וירוסים בעלי רנ""א בתור החומר הגנטי אך הם מקודדים לאנזים הנקרא transcriptase reverse אשר יודע להעתיק רנ""א ולהפוך אותו לדנ""א.",וירוסים - עדי שטרן
, reverse  transcriptase,"אנזים היודע  להעתיק רנ""א ולהפוך אותו לדנ""א. משתמש ב RNA ויראלי כתבנית (template) ביצירת DNA",וירוסים - עדי שטרן
,T-helper/ CD4 cells,תאים במערכת החיסון עם תפקיד חשוב במלחמה העצמית של הגוף ובגידולים סרטניים.,וירוסים - עדי שטרן
,provirus,דנ״א של וירוס שעבר אינטרגציה לתוך הגנום המאכסן,וירוסים - עדי שטרן
אונקוגנים,,גנים המעודדים גידוליים סרטניים,וירוסים - עדי שטרן
חלבון אינטגרל,,"יודע להסיע את הדו-גדיל של וירוס HIV לתוך הגרעין ולהחדיר אותו לתוך הדנ""א האנושי",וירוסים - עדי שטרן
,Evolution Antagonistic,"שני צידי המטבע אחד כנגד השני, שני הצדדים מתפתחים אבולוציונית כדי להתמודד עם הצד השני, לדוגמה טורף ונטרף, מערכת החיסון והוירוס התוקף.",וירוסים - עדי שטרן
,Viruses Emerging Zoonotic ,וירוסים שעוברים מבעלי חיים לאדם,וירוסים - עדי שטרן
,Epidemic ,מגיפה,וירוסים - עדי שטרן
,Pandemic ,מגיפה עולמית,וירוסים - עדי שטרן
פילוגנזה,,"מתחום יותר רחב הנקרא סיסטמטיקה. פילוגנזה עוסקת בקרבה האבולוציונית בין
קבוצות אורגניזמים שונות, חוקר את היחסים בין קבוצות שונות לאורך ההיסטוריה האבולוציונית
שלהם.", דורותה הושון
סיסטמטיקה,,"תחום שחוקר את מגוון צורות החיים, כיום ובעבר, כלומר גם של מאובנים. התחום
מנסה להבין איך אורגניזמים מתפצלים ולסווג אותם. תהליך ההתפצלות כולל את הגנטיקה של
האוכלוסייה, היברידיזציה וכל הרמות בתוך הגנום.", דורותה הושון
טקסונומיה,,"היא אחד מהתחומים המדעיים הכי עתיקים. כבר בתקופה היוונית היא אנשים
שהתעסקו בזיהוי של אורגניזמים ומתן שמות, שכן היה צורך בהפרדה בין אורגניזמים שניתן לאכול
לכאלו שלא. לדוגמה, היה צורך להפריד בין סוגי פטריות דומות כאשר אחת רעילה והשנייה טעימה –
אכן הרבה אנשים מתו מזיהוי שגוי של הפטריות.", דורותה הושון
פילום,,"תת יחידה בקלסיפיקציה וגנזה שפירושה מקור – סה""כ המטרה היא
לדעת מה הקשר בין האורגניזמים ומה המקור של כל הקבוצות.", דורותה הושון
לינאוס,,"חוקר שוודי בשנת מהמאה ה-18 ,כתב את הטקסונומיה הראשונה ובשמות שהוא הגדיר אנו עושים שימוש עוד היום. כמו שדארווין הוא הבסיס לאבולוציה, לינאוס הוא הבסיס של הטקסונומיה. לינאוס היה דתי והאמין שאם נסדר את האורגניזמים נוכל להבין מה היה רעיון של אלוהים כאשר שם את החיות בכדה""א.לינאוס פרסם ב1735 את המהדורה הראשונה של הספר שלו. חילק את החי לשלוש קבוצות : צמחים, חיות ואבנים (חשב שאבנים הן חיות)", דורותה הושון - שיעור 5
גנוס,Genus,סוג האורגניזם, דורותה הושון - שיעור 5
טקסון,,השם של קבוצה בכל רמת סיווג בקלסיפיקציה, דורותה הושון - שיעור 5
,Character Matrix,טבלת מאפיינים לקיטלוג ומציאת תכונות משותפות על מנת לאפיין תכונות באורגניזמיים ובניית עץ פילוגנטי, דורותה הושון - שיעור 5
,Clade,"קבוצה מונופוליטית, בעלת אב קדמון
משותף שמהווה המקור לקבוצה", דורותה הושון - שיעור 5
,Paraphyletic,"קבוצה שאינה מונופוליטית,
קבוצה שכוללת חלק מהצאצאים של האב
הקדמון האחרון.", דורותה הושון - שיעור 5
אפומורפי,,"מאפיין חדשן. גרסה חדשה של המצב הפרימיטיבי של תכונה מסוימת אשר
מופיעה מאוחר יותר באבולוציה של הקבוצה.", דורותה הושון - שיעור 5
אוטופמורפי,,"מאפיין האופייני רק במין יחיד ב-clade .למשל, שיער אצל הנמר.", דורותה הושון - שיעור 5
סינפומורפי,,"מאפיינים חדשים המשותפים ללפחות שתי קבוצות ב-clade .ארבע רגליים
למשל זה מאפיין חדשני במהלך האבולוציה המשותף גם לצפרדע, לצב ולנמר, לכן זה מאפיין
סינפומורפי. אם התכונה משותפת לפחות מ-2 ,היא לא יכולה לעזור לנו לעשות קשרים
אבולוציוניים.", דורותה הושון - שיעור 5
פלזיומורפי,,"מאפיין קדום, ההפך מאפומורפי", דורותה הושון - שיעור 5
הומופלזיה,,"תכונות שהתפתחו פעמיים מדמיון שקרה בצורה בלתי תלויה, אבולוציה מתכנסת", דורותה הושון - שיעור 5
,Alignment,"היפותזה של הומולוגיה בין בסיסים/חומצות אמינו. ניתן להניח שיש אזורים
הומולוגיים, ישנם אזורים שפשוט לסדר אותם, אך ישנם כאלו בעלי מס' אפשרויות.", דורותה הושון - שיעור 5
התמיינות,,"תהליך המסביר כיצד מין אחד מתפצל לשניים. בין היתר נותן הסבר למאפיינים משותפים בין מינים, שכן כאשר מין מתפצל לשניים, הם ממשיכים לחלוק חלק מהתכונות של האב הקדמון.", דורותה הושון - שיעור 6
פרזיגוטיים,,"לפני ההפריה, לפני שנוצר העובר. גורמים לכך שהזרע והביצית לא פוגשים אחד את השני ומונעים התרחשות של הפריה.ֿ", דורותה הושון - שיעור 6
פוסטזיגוטיים,,"תהליכים שמתרחשים אחרי תהליך ההפריה, לאחר יצירת עובר. הצאצא יכול להיוולד אך המחסומים גורמים לו להיות לא חיוני, לא פורה או שהרבייה שלו נעצרת בשלב מסוים. ", דורותה הושון - שיעור 6
הוריזונטלית (העברת גנים אופקית/ליטרלית),,תהליך ביולוגי בו אורגניזם מעביר חומר גנטי לתא אחר שאינו צאצא שלו, דורותה הושון - שיעור 6
עקרון המין הפילוגנטי,,"ניסיון לתאר מינים על בסיס הפילוגנזה שלהם ברמת האוכלוסייה. מתארים מין כצברים הקטנים ביותר של אוכלוסיות בעלות קומבינציה ייחודית של מאפיינים משותפים. חסרון של השיטה הזו היא שקומבינציית התכונות שלפיהן מפרידים בין מינים היא סובייקטיבית, תלוית חוקר. לעומת זאת, השיטה מאפשרת הסתכלות על מאובנים ולא מתייחסת לרבייה מינית או א-מינית.", דורותה הושון - שיעור 6
עקרון המין האקולוגי,,"מגדיר מינים על פי תנאי הנישה האקולוגית שלהם, לוקח בחשבון כמה אורגניזמים של המין נמצאים בקשר עם הסביבה הביוטית והא-ביוטית שלהם. למשל, שני סוגים של עצי אלון שונים אחד מהשני בגודל וביכולת שלהם לשרוד תנאי יובש אך הם עדיין מדי פעם מזדווגים. בגלל שהם נמצאים בנישות אקולוגיות שונות הם נחשבים לשני מינים שונים, למרות שיש ביניהם מעט קשר עם זרימת גנים. יתרון של השיטה היא מתן מענה לרבייה מינית כמו גם א-מינית. כמו כן, העיקרון נותן דגש על הברירה הטבעית.", דורותה הושון - שיעור 6
התמיינות מופרדת מקום ,,"היא התמיינות המתרחשת בשני מקומות שונים, שתי אוכלוסיות שחיו יחד אך בשל מחסום גיאוגרפי נפרד הקשר ביניהן ומעבר הגנים שהתאפשר בעבר נפגע. המינים המבודדים הופכים לתתי אוכלוסיות. המחסום ספציפי עבור מין, למשל אם נוצר קניון זה פוגע במכרסמים קטנים אך לא בציפורים.", דורותה הושון - שיעור 6
התמיינות חופפת מקום ,,מתרחשת בתוך אזור גיאוגרפי אחד כאשר אוכלוסיות היו בקשר אחת עם השנייה וממשיכות להיות בקשר אך לאט לאט נוצר מין חדש באותו הזמן בסביבה. יכול להתרחש אם זרימת הגנים מופחתת על ידי פקטורים שכוללים פוליפלואידיות ובידול בית הגידול., דורותה הושון - שיעור 6
פוליפלואידיות,,"שינוי בסט הכרומוזומים, הוספה של סטים. מתרחש בשל טעות בחלוקה התאית, שכיח יותר אצל צמחים מאשר בע""ח וכך למשל יכול להיווצר מין חדש תוך דור אחד.", דורותה הושון - שיעור 6
אוטופוליפלואידיות ,,"כל תא מכיל מספר עותקים הגדול מ-2 מכל כרומוזום, שמקורם באותו מין ביולוגי.", דורותה הושון - שיעור 6
אלופוליפלואידיות,,"כל תא מכיל מספר עותקים הגדול מ-2 מכל כרומוזום, שמקורם במינים ביולוגים שונים. תא המכיל מספר אי זוגי של כרומוזומים לא יכול לבצע מיוזה – לכרומוזומים לא יהיו אנלוגיים. לאורך הזמן, עקב טעות על פי רוב, השתכפלו הכרומוזומים ונוצר מספר זוגי של כרומוזומים המאפשר הכפלה. תופעה המתרחשת לרוב בצמחים.", דורותה הושון - שיעור 6
דמיון מורפולוגי,,דמיון בצורה המבנה או הצבע בין שני אורגניזמים, דורותה הושון - שיעור 7
קבוצת האאוקריוטים ,,"פטריות, חיות, צמחים ופרוטיסטים", דורותה הושון - שיעור 7
פרוטיסטים,,"שם לא פורמלי לקבוצת אורגניזמים השייכים לאאוקריוטים אך  אינם צמחים, פטריות או חיות. לא יודעים כיצד לתאר אותם, הם אינם קבוצה מונופילטית, כלומר אין אב קדמון משותף לכולם", דורותה הושון - שיעור 7
לינאוס,,פרסם את הקלפירציה הראשונה בה חילק רק לצמחים וחיות. בשנת 1735, דורותה הושון - שיעור 7
אנטוני ואן לונהוק,,שהמציא את אחד המיקרוסקופים הראשונים והראשון שראה חיידקים , דורותה הושון - שיעור 7
ארנסט הקל ,,הראשון שהפריד את החד תאיים לקבוצה נפרדת, דורותה הושון - שיעור 7
שוטון,Flagellum,"השוטון הוא איבר דמוי שוט אשר אורגניזמים חד תאיים רבים, וכמה רב תאיים, משתמשים בו לתנועה", דורותה הושון - שיעור 7
קרל ווס,,"גילה את קבוצת החיים השלישית בנוסף לאאוקריוטים ולפרוקריוטים, אריכאה. ", דורותה הושון - שיעור 7
 ארכיאה ,,חיידקים שמבצעים נשימה אנאירובית ונמצאו לראשונה בתחתית של האוקיינוס. קרובים יותר לאאוקריוטים מבחינת אבות קדמונים., דורותה הושון - שיעור 7
אנדוסימביוזה,,צורת סימביוזה ובה יצור אחד מתקיים בתוך האחר, דורותה הושון - שיעור 7
סימְבְּיוֹזָה,,יחסי גומלין אקולוגים בין אורגניזמים משני מינים שונים החיים יחד תוך מגע ישיר וקרוב. השותף הקטן ביחסים סימביוטיים נקרא סימביונט. השותף הגדול יותר נקרא מאכסן. (יחסי סימביוזה כוללים הדדיות וטפילות), דורותה הושון - שיעור 7
,Archaeplastida,"קבוצה גדולה שכוללת אצות אדומות, אצות ירוקות וצמחים יבשתיים. המאפיין העיקרי שלהם הוא שיש להם כלורופלסט, תוצר של אנדוסימביוזה עם חיידקים, התא הקדמוני של הקבוצה בלע חיידק והוא הפך להיות הכלורופלסט שלהם.",קבוצות מרכזיות  של אאוקריוטים
,Excavata,"מאופיינים בחריץ ממנו הם קולטים מזון. כאשר הטרף מתקרב, הוא נעטף על ידי שלפוחית שנוצרת ממברנת התא והיא שמעבירה אותו לאנזימי עיכול. חשוב לזכור כי לא לכל ה- excavata יש חריץ, בחלקם הוא נעלם במהלך האבולוציה.",קבוצות מרכזיות  של אאוקריוטים
,Unikonta,"השם מציין שוטון אחד אך כיום יודעים שההימצאות של שוטון היא אינה מאפיין משותף של הקבוצה. לכן, הם נקראים גם Amorphea.",קבוצות מרכזיות  של אאוקריוטים
התיאוריה האנדוסימביוזית,,אברונים אלו נוצרו על ידי שיתוף פעולה אורגניזמים אחרים. התאוריה אומרת כי קודם הייתה בלחעה של המטיכונדריה במהלך האבולוציה ולאחר מכן בליעה של הכלורופלסט., דורותה הושון - שיעור 7
הטרוטרוף,Heterotroph," יצור אשר מוכרח לצרוך תרכובות אורגניות מן הסביבה כדי להתקיים. אדם, בהמה וכו,", דורותה הושון - שיעור 7
אוטוטרופ,,"לא הטרוטרוף, ייצור המייצר את מזונו בכוחות עצמו והראשון בזרימת האנרגיה לעולם החי.
לדוגמה, צמחים", דורותה הושון - שיעור 7
אנדוסימביוזה ראשונית,,תהליך בו תא אאוקריוטי עם מיטוכונדריה וגרעין בלע חיידק פוטוסינתזי (צ׳יאנובקטריה) והתחיל לשתף פעולה עם החיידק והאחרון הפך לכלורופלסט., דורותה הושון - שיעור 7
אנדוסימביוזה שניונית,,"תא אאוקריוטי בלע תא אאוקריוטי שכבר בלע חיידק בעבר, כלומר עבר אנדוסימביוזה ראשונית וידע לעשות פוטוסינתיזה.", דורותה הושון - שיעור 7
אנדוסימביוזה שלישונית,,תא אאוקריוטי  שבלע תא שעבר אנדוסימביוזה שניונית, דורותה הושון - שיעור 7
כמואוטוטרופים,,"בעיקר חייקים, המפיקים אנרגיה מפירוק תרכובות אי-אורגניות. לא ידוע על פרוטיסטים שעושים זאת", דורותה הושון - שיעור 7
נבג (נבגים ברבים),,"גופיף רבייה חד-תאי או בעל תאים אחדים, הקיים באצות, צמחים, פטריות ובמינים שונים של חיידקים. הנבג הוא יחידת רבייה והפצה אל-זוויגית, שאינה תוצר של הכלאה בין פרטים", דורותה הושון - שיעור 7
תא הפלואידי,,בעל עותק אחד מכל כרומוזום, דורותה הושון - שיעור 7
תא דיפלואידי,,בעלי שני עותקים מכל כרומוזום, דורותה הושון - שיעור 7
פלסמודיום,,"סוג של פלטיסט, הגורם למלריה", דורותה הושון - שיעור 7
 ,mycologist,חוקר מדע הפטריות, דורותה הושון - פטריות
,mycete/mycota,סיומות למילים המתארות פטריות, דורותה הושון - פטריות
,mycology,מדע העוסק בחקר פטריות, דורותה הושון - פטריות
,Nucleariid,החד תא הקרוב ביותר לפטריות., דורותה הושון - פטריות
יצע,Thallus,"מדובר בגוף של אורגניזם רב תאי ללא מערכת הובלה אמיתית, זה גם
השם של גוף האצה. ", דורותה הושון - פטריות
מצב צנוניטי,Ceonocytic hypha ,פטריה רב תאית כאשר הגרעינים אין הפרדה של ממברנה בין התאים. המשמעות היא שכל הגרעינים נעים בציטופלסמה המשותפת., דורותה הושון - פטריות
,septate hypha,"פטרייה רב תאית עם הפרדה של ממברנה בין התאים, אבל עדיין יש חורים המאפשרים למיטוכונדריות לעבור. כל גרעין נשאר בתא שלו אבל כל חומרי הציטופלסמה יכולים לנוע בין התאים", דורותה הושון - פטריות
כיטין,," רב סוכרים שמגנים על הממברנה. כיטין הוא רב סוכר שנמצא גם על שלד של חרקים, כלומר לא ייחודי לפטריות אך מאפיין אותן מצמחים בעלי דופן הבנויה מתאית הכיטין מקנה לפטרייה גוף קשיח ולכן הרבה טפילים לא יכולים להיכנס בשל הכיטין שמגן על הממברנה. כמו כן, יש פוטיסטים רבים המכילים כיטין.", דורותה הושון - פטריות
נמטודות,,סוג של תולעים, דורותה הושון - פטריות
,Mycorrhizae,"סימביוזה של פטריות עם עם שורשי הצמחים, היכן שהפטרייה יכולה לקבל מהצמח סוכר ובתמורה להעביר לו נוטריינטים ומים. ", דורותה הושון - פטריות
,Ectomycorrhizae,הפטרייה חיה בין התאים של הצמח אך לא נכנסת פנימה, דורותה הושון - פטריות
,Arbuscular mycorrhizae,"הפטרייה נכנסת לתוך התאים של הצמח על ידי שבירה של דופן תא הצמח. זה לא קל, שכן הדופן מכילה הרבה צלולוז. בתוך התאים, הקורים מתפשטים ויוצרים מבנה שנראה כמו עצים.", דורותה הושון - פטריות
,Conidia,מבנים בקצות הקורים של הפטרייה. המקום בו מתרחשת המיטוזה., דורותה הושון - פטריות
תפטיר,Mycelium,"גוף הפטריה, בנוי מהרבה קורים. התפטיר חודר  לתוך לחומר ממנו הפטריה ניזונה ובזכות יחס גדול של שטח פנים לנפח, התהליך מאד יעיל.", דורותה הושון - פטריות
,Heterokaryotic,תא עם יותר מגרעין אחד, דורותה הושון - פטריות
פרומונים,,כימיקל נדיף המופרש על ידי יצור חי במטרה להשפיע על ההתנהגות החברתית או המינית של פרטים בני אותו המין, דורותה הושון - פטריות
תא דיקריוטי,,תא בעל שני גרעינים, דורותה הושון - פטריות
,plasmogamy,"שלב ברבייה מינית בו מתקיים היתוך של שני תאים כאשר הכל מתאחד מלבד הגרעינים, כך שנוצר תא עם שני גרעינים", דורותה הושון - פטריות
קריוגמיה,,"איחוי של שני גרעיני תא מתאים שונים, כלומר השלב בו מתרחש שחלוף וערבוב הכרומוזומים כדי לקבל צאצאים שונים מההורים.", דורותה הושון - פטריות
,Nuclearid,האאוקריוטי החד תאי הכי קרוב לפטריות., דורותה הושון - פטריות
,Microsoridia," קבוצה של טפילים חד תאיים תוך תאיים, כלומר הם חיים בתוך התאים של הפונדקאי שלהם. כאשר הם מתרבים נוצרים תאים מיוחדים, בעלי מחט שעוזרת להדביק את הפונדקאי הבא. 
הם טפילים רק של חיות, לפטריות ולצמחים יש דופן תא חזק ולכן הם לא יכולים לחדור אליו בזכות התאית/כיטין.", דורותה הושון - פטריות
,Chytrids,"משפחה של פטריות. נקראים פטריות מים כי הם תלויים בשהייה בסביבה מימית. מוצאים אותם רוב הזמן במים מתוקים
ובאזורים לחים. הם יכולים להיות מפרקים או מבצעי סימביוזה. הם ידועים לשמצה כי הם גורמים להכחדה עולמית של דו-חיים.
מאופיינים בכך שהנבגים שלהם בעלי שוטון", דורותה הושון - פטריות
,Batrachochytrium dendrobatidis,"פטרייה הגורמת להכחדה של הדו-חיים על ידי התפשטות על העור שלהם, שכן דו חיים צריכים עור על מנת לנשום.", דורותה הושון - פטריות
,Zygomycetes,"משפחה של פטריות. קבוצה מאוד מגוונת שנחשבת גם לקבוצה פוליפילטית, אין להם אב קדמון משותף. מאופיינים במבנה הנקרא zygosporangium, ובמבנה זה מתרחשת הרבייה המינית. הקורים שלהם צנוציטים, אין הפרדה בין התאים.", דורותה הושון - פטריות
,zygosporangium,"מבנה הנוצר בפגישה בין הקורים, האזור מאופיין בקליפה קשה, ומוגן במצבי יובש.", דורותה הושון - פטריות
צנוציט,,תא המכיל גרעינים רבים. פיזיולוגית זמנית, דורותה הושון - פטריות
,Glomeromycetes,"משפחה של פטריות. מאופיינים ב- Arbuscular mycorrhizae, שיתוף פעולה בין שורשי צמחים לפטריות. יש מבנים מיוחדים בהם הפטרייה יודעת להיכנס לתוך התאים של שורשי הצמח. לא יודעים עליהם הרבה כי לא הצליחו לגדל אותם, לא יודעים מה מעגל החיים שלהם. הם צנוציטים אבל לא יודעים האם הם בשלב n או 2n  כמו כן, לא יודעים איך נראה גוף הפרי שלהם כי מעולם לא ראו אותו.", דורותה הושון - פטריות
,Arbuscular mycorrhizae,שיתוף פעולה בין שורשי צמחים לפטריות, דורותה הושון - פטריות
פטריות שק,Ascomycetes,"משפחה של פטריות. לפטריות האלו, יש קורים עם הפרדות לתאים. זו קבוצה מאוד גדולה, עם פטריות שחיות גם בים, גם במים מתוקים וגם ביבשה. הם גם טפילים וגם מבצעים שיתוף פעולה. מה שמאפיין אותם זה שהנבגים שלהם נוצרים בתאים דמויי שק שנקראים asci והם מייצרים גוף פרי שנקרא ascocarps.. יש מגוון מאוד גדול ולא כולם בעלי אותה צורה. מה שמאפיין את כולן הוא שהגוף פרי שלהן הוא בצורה של טיפה גדולה ובתוכו שקים", דורותה הושון - פטריות
,ascocarps,גוף פרי המיוצר על ידי asci אצל Ascomycetes, דורותה הושון - פטריות
,asci,נבגים של Ascomycetes דמויי שק, דורותה הושון - פטריות
,Basidiomycetes,"משפחת פטריות. מאופיינים ב- Basidium.  תאי הבסיס שלהם הם בצורת תלתן. קבוצה הזו כוללת פטריות חד תאיות ופטריות מדף שרואים על עצים. התפטיר שלהם יכול לחיות הרבה זמן, כל שנה הוא גדל וכאשר הוא מתפשט הוא גדל בצורה מעגלית. כאשר נוצר גוף פרי הוא נוצר במעגל, באירופה כינו אותו ״מעגל פיות/מכשפות״. כל שנה העיגולים הללו מתרחבים וזה יכול להגיע לקוטר של מספר קילומטרים. ", דורותה הושון - פטריות
מיקסוטרופ,Mixotroph,אורגניזם המסוגל לבצע פוטוסינתזה וגם הטרוטרופיה, דורותה הושון - אאוקריטים
אנדוציטוזה,Endocytosis,"ספיגה תאית של מולקולות ביולוגיות וחומר חלקיקי על ידי יצירת וסיקולות מהממברנה הפלסמטית, למשל, עיכול של חיידק", דורותה הושון - אאוקריטים
פאגוציטוזה,Phagocytosis,"סוג של אנדוציטוזה בו חומר חלקיקי גדול או אורגניזמים קטנים נספגים על ידי התא; תהליך זה מתבצע על ידי פרוטיסטים מסוימים כמו גם תאי חיסון של בעלי חיים (ביונקים, בעיקר מקרופאגים, ניוטרופילים, ותאים דנדריטים).", דורותה הושון - אאוקריטים
פלסטידה,Plastid,"סוג מתמחה של אורגנלות תאיות הנושאות גנום משל עצמן ןנחשבות לצאצאי ציאנובקטריה, שיצרו קשר סימביוטי עם תא אאוקריוטי. פלסטידות כוללות כלורופלסטים, כרומופלסטים,ואמילופלסטים. פלסטידות נמצאות בתאים של אאוקריוטים פטוסינטטים", דורותה הושון - אאוקריטים
מושבתי,colonial,"אורגניזם מושבתי מורכב מיותר מתא אחד. אבל, התאים לא מתמיינים  לתאים בעלי תפקידים שונים, וכל תא חייב לבצע את כל התהליכים הנחוצים לחיים על מנת לשרוד", דורותה הושון - אאוקריטים
רקמה,Tissue,"קבוצה משולבת של תאים בעלי מבנה משותף, תפקיד משותף, או שניהם", דורותה הושון - אאוקריטים
יתרן ראשוני,Primary producer,"אוטוטרופ, לרוב אורגניזם פוטו-סינטטי. במשותף, אוטוטרופים מהווים את הרמה התזונתית של מערכת אקולוגית שתומכים בכל הרמות התזונתיות האחרות", דורותה הושון - אאוקריטים
צרכן,Consumer,אורגניזם שאוכל אורגניזמים אחרים, דורותה הושון - אאוקריטים
מפרקים,Decomposer,אורגניזמים שמפרקים פסולת ואורגניזמים מתים, דורותה הושון - אאוקריטים
ריס,Cilium,"איבר קצר המכיל מיקרוטובולי בתאים אאוקריוטים. ריס הנעה מתמחה בתנועה ובהזרמת נוזל סביב התא. ריסי הנעה מורכבים 9 כפולות של מיקרוטובולי חיצוניים ו-2 מיקרוטובולי פנימיים בודדים (סידור ""9+2"") עטופים בהתארכות של הממברנה הפלסמטית. ריס עיקרי לרוב אינו נייד ומשמש לחישה ולהעברת אותות; הוא חסר את 2 המיקרוטובולי הפנימיים (סידור ""9+0"")", דורותה הושון - אאוקריטים
פסאודופוד,Pseudopodium ,"בליטה זמנית של הציטופלסמה, או ""רגל מלאכותית"" הקיימת במספר תאים ופרוטיסטים, ומשמשת להזנה או תנועה", דורותה הושון - אאוקריטים
הדדיות,Mutalism,יחסים סימביוטיים בהם שני השותפים מפיקים תועלת , דורותה הושון - אאוקריטים
טפליות,Parasitism,"יחסים סימביוטיים בהם אורגניזם אחד, הטפיל, מפיק תועלת על חשבון המאכסן, על ידי חיים על או בתוך המאכסן.", דורותה הושון - אאוקריטים
,Choanoflagelleates,"קבוצה של פרוטיסטים שעל פי ראיות מורפולוגיות ומולקולריות מהווים את האורגניזמים הקרובים ביותר לבעלי חיים, הינם קבוצת אחות של בעלי חיים", דורותה הושון - המגוון בחיות
סיס,Microvilli,"אחד הסוגים של בליטות זעירות, דמויות גליל או חרוט, מפני השטח החפשי של האפיתל המתפקדות בספיגה או הפרשה.
Villus = שערת הצמח", דורותה הושון - המגוון בחיות
,choanocyte (collar cell)," תא רביד, שאחראי על הנעת המים (באמצעות שוטון) בתוך הספוג ועל קליטת מזון.
נמצא בספוגים", דורותה הושון - המגוון בחיות
,hox gene,"קבוצה של גנים התפתחותיים הקובעים אזורים ספציפיים של תוכנית הגוף של העובר לאורך ציר ראש-זנב של חיות. החלבונים הללו מקודדים וקובעים את תכונת ה'מיקום', ומבטיחים שהמבנה הנכון נוצר במיקומים נכונים של הגוף", דורותה הושון - המגוון בחיות
שלד חוץ תאי,ECM (extracellular matrix),"היא החלק ברקמות בעלי חיים שמקיף את התאים ומספק להם תמיכה מבנית. מעבר לפונקציה המבנית של המטריצה היא משמשת למגוון תפקידים, כגון הפרדת רקמות אחת מהשנייה ובקרה על תקשורת בין-תאית. בנוסף, היא מעכבת טווח רחב של גורמי גידול ומהווה מעין מחסן עבורם. שינויים בתנאים הפיזיולוגיים יכולים להפעיל פרוטאזות שישחררו את הגורמים ללא צורך בסינתזה שלהם מחדש.", דורותה הושון - המגוון בחיות
לרווה,,"שלב בהתפתחות של חלק מבעלי החיים, המהווה שלב מעבר בין השלב העוברי לשלב הבגרות, כאשר הם טרם הגיעו לבגרות מינית.", דורותה הושון - המגוון בחיות
מטאמורפוזה ,,שינוי במבנה, דורותה הושון - המגוון בחיות
,Eumetazoa,רב תאיים, דורותה הושון - המגוון בחיות
,Diploblasts,שתי שכבות נבט, דורותה הושון - המגוון בחיות
,Triploblasts,שלוש שכבות נבט, דורותה הושון - המגוון בחיות
התלמה,cleavage,חלוקה מהירה של תאים לאחר שהזרע מפרה את הביצית הזיגוטה, דורותה הושון - המגוון בחיות
בלסטולה ,,היא גוש תאים זהים שנוצרו מהתחלקות מיטוטית של הזיגוטה - הביצית שהופרתה על ידי תא הזרע, דורותה הושון - המגוון בחיות
בלסטוצול ,,החלל החיצוני הנוצר בעקבות הבלסטולה, דורותה הושון - המגוון בחיות
ארכאנטרון ,Archenteron,"החלל הפנימי, מהווה מעין מעי קדמוני. בהמשך יהפוך להיות המעי של הארוגניזם. החלל פתוח לחוץ בעזרת פתח שנקרא  Blastopore, אשר יהפוך בהמשך לפה או לפי הטבעת (תלוי בבע״ח)", דורותה הושון - המגוון בחיות
בלסטופור,Blastopore,פתח של חלל הארכאנטון כלפי חוץ אשר יהפוך בהמשך לפי הטבעת או הפה תלוי בבע״ח, דורותה הושון - המגוון בחיות
גסטרולציה,,תהליך התפתחות המעי, דורותה הושון - המגוון בחיות
גסטרולה,,מבנה התלת שכבתי הנוצר מהבלסטולה, דורותה הושון - המגוון בחיות
אנדודרם,,"השכבה הראשונה משכבות הנבט , שכבת תאים פנימית שתתפתח למערכת העיכול, הנשימה וכו'.", דורותה הושון - המגוון בחיות
אקטודרם,,"השכבה האחרונה  משכבות הנבט בשתי שכבות נבט, שכבת תאים חיצונית שתהפוך בהמשך לתאי עור ותאי מערכת העצבים.", דורותה הושון - המגוון בחיות
צורבים,Chidaria,"אלמוגים, מדוזות ושושנת ים", דורותה הושון - המגוון בחיות
מסרקנים,Ctenonphora,דומים למדוזות אך מבחינה אבולוציונית מדובר בענף אחר. בעלי איבר דמוי מסרק שעוזר להם לנוע., דורותה הושון - המגוון בחיות
פלקאוזוה,Placozoa,"קבוצה שלא ידוע עליה הרבה, אין להם בדיוק אנדודרם אך הגוף מורכב משתי שכבות תאים. מעגל החיים שלהם אינו מוכר, במעבדה ראו התחלקות לביצית אך לא לזרע ולכן לא ברור כיצד מתרבים.", דורותה הושון - המגוון בחיות
מזדורם,,"השכבה האמצעית משכבות הנבט. התאים הללו יהפכו בהמשך לתאי שריר, עצמות ואיברי המין.", דורותה הושון - המגוון בחיות
בילטריה,,אורגניזמים עם סימטריה דו צדדית, דורותה הושון - המגוון בחיות
טריפובלסטים ,,?, דורותה הושון - המגוון בחיות
קדמוני פה ,Protostomes,בע״ח בהם הבלסטפור התפתח לפה, דורותה הושון - המגוון בחיות
שניוני פה ,Deuterostomes,"בע""ח בהם הבלסטופור התפתח לפי הטבעת. לאחר מכן האנקורטרון ממשיך לגדול עד שפוגש את האקטודרם ונוצר פה. ", דורותה הושון - המגוון בחיות
,Acolela,"בע""ח שאין להם מעי שלם, פתח יחיד, ולכן לא ניתן לסווג אותם לקדמוני או שניוני פה.", דורותה הושון - המגוון בחיות
צלום,coelom,"חלל בתוך המזודרם, חלל הגוף מסביב למעי", דורותה הושון - המגוון בחיות
חסרי צלום,Acelomate,"בעלי חיים ללא חלל גוף. למשל, תולעים שטוחות", דורותה הושון - המגוון בחיות
בעלי צלום,Coelomat,"בעלי חיים עם חלל צלום שנובע משכבת המזודרם. למשל, בני אדם, תולעים וחרקים.", דורותה הושון - המגוון בחיות
דמוי צלום,Pseudocelomate,"בעלי חיים בעלי חלל דמוי צלום,  חלל שנובע משכבת מזודרם ואנדודרם. אין מזודרם בכל צד של חלל הגוף.", דורותה הושון - המגוון בחיות
שכבת נבט,Germ layer,היא אחת מכמה קבוצות של תאים המתפתחות לאיברים ולמבנים מסוימים בגוף במהלך התפתחות העובר, דורותה הושון - המגוון בחיות
לפופור,Lophophore,"איבר דמוי פה בדופן הגוף המכיל מחושים ריסניים המקיפים את הפה, משמש לאיסוף מזון. דוגמת ה Bryozoa, או ה  Brachiopoda.", דורותה הושון - המגוון בחיות
לרוות טרוכופור,Trohophore,"שלב התפתחותי שונה המכיל גלגל של ריסים מחוץ לגוף. כולל את ה: Annelida, Mollusca, Plastyhelminthes,Rotifera .", דורותה הושון - המגוון בחיות
,Ecdysozoa,"מקדמוני הפה, קבוצה מונופילטית, המוצלחת ביותר מבחינת מספר המינים. חסרי חוליות בעלי שלד חיצוני קשיח שהם משילים מספר פעמים במהלך חייהם.", דורותה הושון - המגוון בחיות
,Lophotrochozoa,"קבוצה של קדמוני פה המתחלקות לשתי קבוצות, לפופור ולרוות טרוכופר."," דורותה הושון - חסרי חוליות, ספוגים"
תאים פינקוציטים,pinacocytes,"אחד מסוגי התאים של הספוג.
תא שטוח, פחוס ונוקשה, שיוצר מעטפת קצת יותר קשיחה לכל דופן הגוף"," דורותה הושון - חסרי חוליות, ספוגים"
,porocytes,"אחד מסוגי התאים של הספוג.
תא יוצר נקב, תא זעיר ובו מאות אלפי נקבים (pores) מיקרוסקופיים"," דורותה הושון - חסרי חוליות, ספוגים"
קואנוציטים ,Choanocytes," אחד מסוגי התאים של הספוג.
תא רביד, שאחראי על הנעת המים (באמצעות שוטון) בתוך הספוג ועל קליטת מזון"," דורותה הושון - חסרי חוליות, ספוגים"
,Sclerocytes,"אחד מסוגי התאים של הספוג.
תא יוצר מחט גירנית/צורנית, בפועל יש מאות תאים וכל אחד מפריש מחט שיוצרות יער של מחטים חדות, וכך נוצר מבנה שמחזק את הדיפלובלסט"," דורותה הושון - חסרי חוליות, ספוגים"
,Collenocytes,תאים של ספוג ה מפרישים קולגן," דורותה הושון - חסרי חוליות, ספוגים"
,Oocyte,תאי רביה אצל הספוגים," דורותה הושון - חסרי חוליות, ספוגים"
,Archaeocyte,"אחד מסוגי התאים של הספוג.
תא אמבי, שיכול לשלוח זרועות לכל הכיוונים מבנה זה קולט חלקיקי מזון מתא רביד ומעביר אותם לתאים האחרים"," דורותה הושון - חסרי חוליות, ספוגים"
הרמפרודיטיים,,מתפקדים כזכר וכן כנקבה, דורותה הושון -חסרי חוליות
,Planula,לרווה של הצורבים, דורותה הושון -חסרי חוליות
,Mesoglea\ Mesogyl ,"שכבה בין שתי שכבות הנבט אצל הצורבים, שמתפקדת כמעין שלד הידרו-סטטי שמכיל תאי שריר.", דורותה הושון -חסרי חוליות
פוליפ,,"נדבק למצע בקצה התחתון של הגוף, הפה/פי הטבעת נמצא בחלק החופשי. הפה הינו תוצאה של הנצה וישנן זרועות מסביב שיכולות לנוע ולהשיג טרף. חלקם יכולים לנוע באיטיות על המצע שלהם על ידי שימוש בשרירים הנמצאים בחלק הרחוק ביותר מהפה שלהם. כמו כן, חלקם יכולים לשחות במידה ויש חשש טריפה על ידי קיפול הגוף קדימה ואחורה או דחיפה של הזרועות.", דורותה הושון -חסרי חוליות
חלל עיכול מרכזי ,Gastrovascular Cavity,מבנה של שק עם מרכיב עיכול מרכז, דורותה הושון -חסרי חוליות
אפידרמיס ,,"השכבה החיצונית, העור", דורותה הושון -חסרי חוליות
גסטרודרמיס ,,"השכבה הפנימית, המעי", דורותה הושון -חסרי חוליות
,Nematocytes,מחט היוצאת מתוך תא צורב לעבר אורגניזם סמוך ומזריק לו ארס., דורותה הושון -חסרי חוליות
תא צורב,Cnidocyte,"אחד התאים המורכבים ביותר בבעלי חיים, הוא מסוגל ""לשגר"" מחט לעבר אורגניזם סמוך ולהזריק לו ארס. המחט יוצאת כמעט מיד, במהירות של פליטת כדור מרובה.", דורותה הושון -חסרי חוליות
מורפוזה ,,רבייה מינית אצל הציפור וא-מינית אצל החילזון, דורותה הושון -חסרי חוליות
,Polyplacophora (Chitons),"מהרכיכות. רב-לוחיתיים. צורה פרימיטיבית, הקונכייה בנויה מלוחות על גבי לוחות. משתמשים במשננת שלהם כדי לגרד אצות מאבנים.", דורותה הושון -חסרי חוליות
,Gastropoda,":  מהרכיכות. חלזונות, חשופיות. מהווים בשני שליש מכלל הרכיכות. רובם אורגניזמים ימיים אך חלקם עברו אדפטציה לחיים יבשתיים. הקונכייה שלהם משמשת הן להגנה פיזית והן להגנה מהתייבשות.", דורותה הושון -חסרי חוליות
,Bivalvia,"מהרכיכות. צדפות, כולם ימיים. בעלי קונכייה המחולקת לשני חלקים הפועלים יחד בעזרת שרירים חזקים. חסרי ראש ואיבדו את המשננת. עם זאת, לחלקם יש עיניים ואיברי חישה על הגלימה", דורותה הושון -חסרי חוליות
,Cephalopoda,"מהרכיכות. תמנונים, דיונונים. משתמשים בזרועות שלהם על מנת להשיג טרף. הרגל השרירית שלהם הפכה לחלק מהזרועות.", דורותה הושון -חסרי חוליות
גלימה,mantle,"ברכיכות לרוב מפריש את הקונכייה, אם קיימת. במינים רבים הגלימה מתרחבת מעבר למסה הויסרלית ויוצרת חלל מלא במים הנקרא מרחב הגלימה המכיל את הזימים, פי הטבעת ונקבים.", דורותה הושון -חסרי חוליות
משננת,radula,"מאפיין ייחודי ברכיכות. עשויה מכיטין, מעיין שיניים המסייעות לסנן את המים ולהשיג מזון. עם זאת, לצדפות אין משננת", דורותה הושון -חסרי חוליות
,Metanephridium,מערכת הפרשה הדומה לכליות שלנו ועוזרת להפריש מים ואמוניה , דורותה הושון -חסרי חוליות
,Errantia,"לרוב נמצאים במאגרי מים מלוחים, ניידים, מאוד צבעוניים ובעלי רגליים בקצוות, parapodia, המשמשים לתנועה וכזימים. רובן טורפות או אוכלות אצות", דורותה הושון -חסרי חוליות
,Sedentaria,"חיים בתוך תעלות, מתחפרות ופחות ניידות. יכולים גם להיות מאוד יפים וצבעוניים.", דורותה הושון -חסרי חוליות
, parapodia, רגליים בקצוות הErrantia המשמשים לתנועה וכזימים, דורותה הושון -חסרי חוליות
,,, דורותה הושון -חסרי חוליות
,,, דורותה הושון -חסרי חוליות
,,, דורותה הושון -חסרי חוליות
,,, דורותה הושון -חסרי חוליות
,,, דורותה הושון -חסרי חוליות
,,, דורותה הושון -חסרי חוליות
,,, דורותה הושון -חסרי חוליות
